account_id,xrealip,ip_total
1PMs3C13QBace6Xc-DO6wg,18.205.35.125,22
1PMs3C13QBace6Xc-DO6wg,52.206.116.55,15
1PMs3C13QBace6Xc-DO6wg,34.199.153.226,44
1PMs3C13QBace6Xc-DO6wg,54.208.235.193,3
1PMs3C13QBace6Xc-DO6wg,54.241.124.10,386
1PMs3C13QBace6Xc-DO6wg,35.168.107.193,98
1PMs3C13QBace6Xc-DO6wg,52.3.201.247,2
1PMs3C13QBace6Xc-DO6wg,52.2.54.234,6
1PMs3C13QBace6Xc-DO6wg,2001:559:a4:230::215,380
1PMs3C13QBace6Xc-DO6wg,18.215.88.65,230
1PMs3C13QBace6Xc-DO6wg,34.238.143.76,411
1PMs3C13QBace6Xc-DO6wg,52.8.119.150,1
1PMs3C13QBace6Xc-DO6wg,35.168.83.110,109
1PMs3C13QBace6Xc-DO6wg,13.52.234.238,24
1PMs3C13QBace6Xc-DO6wg,34.215.195.251,24
1PMs3C13QBace6Xc-DO6wg,38.99.100.2,5889
